id,enrol_mode,year,age,stress,support,sleep,wb_1,wb_2,wb_3,wb_4,wb_5,wellbeing
1,On campus,2nd year,21,1.77,4.55,6.07,7,6,6,5,6,6.0
2,On campus,1st year,21,4.9,4.85,4.66,5,4,5,6,7,5.4
3,On campus,1st year,22,3.15,3.85,3.16,4,4,3,3,5,3.8
4,On campus,2nd year,21,2.04,5.66,3.82,6,7,5,6,6,6.0
5,On campus,1st year,23,4.02,4.94,3.94,5,5,5,5,5,5.0
6,Online,1st year,21,1.86,3.44,7.0,7,7,7,7,7,7.0
7,Online,2nd year,21,3.96,4.47,3.41,3,2,4,2,4,3.0
8,On campus,1st year,19,1.62,4.72,5.85,5,6,6,4,5,5.2
9,Online,2nd year,20,2.7,4.23,3.32,6,6,6,5,5,5.6
10,On campus,1st year,22,3.21,4.09,3.71,6,5,5,5,3,4.8
11,Online,1st year,22,1.17,3.13,6.08,6,6,7,5,5,5.8
12,Online,3rd year,17,3.04,,4.4,3,6,6,5,5,5.0
13,On campus,2nd year,24,1.19,4.4,6.08,7,7,7,7,7,7.0
14,Online,3rd year,20,2.83,5.81,4.84,6,7,5,7,5,6.0
15,On campus,3rd year,19,4.18,4.74,3.97,5,5,4,5,4,4.6
16,Online,1st year,24,1.93,5.72,5.19,5,6,5,7,7,6.0
17,On campus,1st year,24,2.87,3.6,5.94,6,6,6,5,6,5.8
18,On campus,2nd year,20,2.25,5.24,4.98,4,5,4,4,7,4.8
19,On campus,1st year,21,3.6,5.61,5.07,6,7,7,7,6,6.6
20,On campus,1st year,19,3.3,5.63,4.22,4,3,5,5,4,4.2
21,On campus,3rd year,23,4.24,4.56,4.03,4,4,4,4,4,4.0
22,On campus,3rd year,24,3.04,3.93,3.64,6,5,4,4,4,4.6
23,Online,1st year,20,1.91,6.6,3.34,7,6,7,7,6,6.6
24,On campus,2nd year,25,1.82,4.65,4.89,6,4,5,4,5,4.8
25,On campus,2nd year,24,1.13,3.61,5.74,7,7,6,7,7,6.8
26,On campus,2nd year,21,2.12,4.64,4.67,7,6,6,7,4,6.0
27,On campus,1st year,23,2.41,5.21,5.43,5,5,5,5,6,5.2
28,On campus,2nd year,18,2.63,4.12,4.1,3,3,4,3,3,3.2
29,On campus,3rd year,21,2.29,5.3,3.75,4,5,6,6,6,5.4
30,On campus,3rd year,22,1.86,5.81,,7,6,7,6,7,6.6
31,On campus,1st year,21,2.72,4.82,5.36,6,4,6,3,4,4.6
32,Online,3rd year,26,2.36,5.93,4.22,3,3,3,5,3,3.4
33,Online,1st year,22,1.05,4.75,5.69,6,6,6,6,5,5.8
34,On campus,2nd year,22,1.68,4.38,4.06,5,5,5,6,3,4.8
35,On campus,2nd year,18,1.73,6.53,4.52,6,5,6,5,5,5.4
36,Online,1st year,21,2.37,5.53,4.93,6,6,5,5,5,5.4
37,On campus,3rd year,20,3.46,,5.31,6,6,3,5,4,4.8
38,On campus,2nd year,27,3.51,3.0,3.35,4,5,6,5,4,4.8
39,Online,3rd year,21,1.54,3.43,4.09,5,6,6,7,7,6.2
40,On campus,3rd year,22,5.0,3.13,3.48,3,4,5,4,2,3.6
41,Online,3rd year,24,4.32,4.83,4.0,3,3,3,4,3,3.2
42,On campus,3rd year,23,4.93,4.84,3.13,4,3,5,4,4,4.0
43,On campus,1st year,18,1.13,5.31,6.71,7,5,4,6,7,5.8
44,Online,2nd year,23,3.16,5.96,2.95,4,6,6,5,5,5.2
45,On campus,2nd year,23,3.01,3.28,3.83,3,3,2,4,3,3.0
46,On campus,2nd year,21,2.14,3.47,5.05,6,5,4,6,4,5.0
47,On campus,2nd year,23,4.42,3.92,3.01,4,4,4,4,4,4.0
48,On campus,1st year,22,2.38,5.35,5.22,6,7,7,7,7,6.8
49,Online,1st year,18,2.96,5.18,4.6,7,7,5,6,6,6.2
50,On campus,2nd year,20,2.26,3.79,4.76,5,7,5,4,4,5.0
51,On campus,1st year,22,2.07,4.14,7.0,5,5,5,3,5,4.6
52,On campus,2nd year,20,1.21,5.27,4.67,7,5,6,5,5,5.6
53,On campus,1st year,23,2.02,4.94,4.88,6,5,5,6,4,5.2
54,On campus,1st year,24,1.37,5.94,5.91,6,6,7,7,5,6.2
55,On campus,1st year,22,1.64,4.02,4.65,5,6,6,6,6,5.8
56,Online,2nd year,21,3.8,4.73,4.26,4,5,5,4,3,4.2
57,On campus,1st year,25,2.94,3.84,5.38,6,5,4,6,6,5.4
58,On campus,2nd year,22,3.15,6.08,4.69,7,5,5,4,7,5.6
59,On campus,1st year,22,2.88,5.94,5.31,6,6,5,5,5,5.4
60,Online,2nd year,20,2.9,5.38,4.29,4,4,7,5,4,4.8
61,On campus,2nd year,21,2.92,5.89,4.39,4,4,5,4,4,4.2
62,On campus,1st year,24,1.48,6.32,7.0,7,7,7,7,7,7.0
63,On campus,2nd year,23,2.3,6.4,5.39,5,5,6,5,4,5.0
64,On campus,2nd year,21,4.38,6.65,4.69,5,4,5,6,5,5.0
65,Online,3rd year,22,1.8,4.13,4.65,6,5,5,6,6,5.6
66,Online,1st year,22,2.12,4.05,4.87,7,4,6,4,4,5.0
67,On campus,3rd year,19,1.26,6.23,6.58,5,6,7,7,7,6.4
68,On campus,1st year,21,1.06,4.45,5.73,6,7,6,7,7,6.6
69,Online,3rd year,20,2.95,3.04,,4,3,5,3,3,3.6
70,On campus,1st year,18,1.46,4.42,4.62,4,5,5,5,4,4.6
71,On campus,1st year,22,3.8,5.96,4.08,5,6,7,4,6,5.6
72,On campus,1st year,21,4.81,4.41,5.0,5,4,3,4,4,4.0
73,Online,3rd year,18,2.85,5.69,5.15,5,7,5,7,5,5.8
74,Online,2nd year,20,1.49,5.21,4.73,4,3,5,4,4,4.0
75,Online,3rd year,21,4.36,3.49,3.82,5,5,3,5,4,4.4
76,On campus,1st year,17,3.61,5.37,4.31,5,4,4,6,6,5.0
77,On campus,3rd year,22,1.69,4.91,3.8,6,5,5,7,7,6.0
78,Online,1st year,22,3.72,4.32,4.16,5,5,4,5,3,4.4
79,On campus,1st year,23,1.51,3.4,5.09,6,5,4,5,6,5.2
80,On campus,2nd year,20,2.31,6.57,4.83,7,7,4,7,5,6.0
81,On campus,1st year,18,2.07,3.94,4.29,6,5,5,5,4,5.0
82,Online,2nd year,23,3.8,2.76,4.49,3,3,3,3,3,3.0
83,On campus,2nd year,18,1.78,5.77,4.89,3,6,4,7,6,5.2
84,On campus,1st year,23,4.02,4.43,3.33,4,4,4,3,4,3.8
85,On campus,1st year,20,2.12,6.14,6.74,7,7,7,7,7,7.0
86,On campus,1st year,19,2.6,4.79,4.47,5,7,7,5,7,6.2
87,On campus,1st year,22,1.25,4.88,4.32,5,5,5,3,5,4.6
88,On campus,3rd year,24,2.77,5.51,5.81,5,6,5,4,5,5.0
89,On campus,2nd year,21,3.15,5.02,5.78,5,5,6,4,6,5.2
90,Online,1st year,21,4.67,5.01,2.8,5,3,5,4,4,4.2
91,Online,2nd year,17,3.13,6.03,4.13,4,7,6,6,7,6.0
92,On campus,1st year,23,2.62,3.95,4.64,4,7,7,4,6,5.6
93,Online,2nd year,22,2.4,5.48,4.56,5,5,5,6,7,5.6
94,Online,1st year,21,2.79,5.2,3.46,3,3,5,6,3,4.0
95,On campus,2nd year,25,2.24,3.22,4.03,4,4,4,6,4,4.4
96,Online,2nd year,18,1.95,6.06,7.0,7,6,7,6,5,6.2
97,On campus,1st year,20,2.38,5.7,4.38,4,6,6,5,5,5.2
98,Online,3rd year,22,3.5,6.51,3.83,5,5,3,4,4,4.2
99,On campus,2nd year,21,2.93,4.44,5.32,3,2,4,3,3,3.0
100,On campus,2nd year,17,2.07,3.75,4.66,3,5,5,5,6,4.8
101,Online,1st year,22,3.42,7.0,3.75,6,7,5,6,7,6.2
102,On campus,1st year,21,1.99,3.83,4.19,7,6,5,6,7,6.2
103,On campus,1st year,24,1.67,4.07,5.79,7,6,6,7,6,6.4
104,On campus,1st year,26,3.74,5.48,4.36,6,6,5,5,7,5.8
105,Online,1st year,21,1.75,4.45,6.28,6,5,6,6,7,6.0
106,On campus,2nd year,22,1.39,5.33,5.08,7,7,7,7,7,7.0
107,On campus,1st year,22,1.68,3.51,6.48,7,5,4,5,5,5.2
108,Online,2nd year,22,1.87,3.12,5.34,7,5,5,5,5,5.4
109,On campus,1st year,21,2.69,4.33,4.27,3,5,5,5,5,4.6
110,On campus,2nd year,22,3.29,5.61,4.83,6,6,7,6,3,5.6
111,Online,1st year,24,1.84,4.87,5.53,7,7,7,6,5,6.4
112,On campus,3rd year,19,2.52,6.15,5.09,5,6,6,3,5,5.0
113,Online,3rd year,26,2.56,4.62,4.14,6,6,7,4,4,5.4
114,On campus,2nd year,23,5.0,5.1,3.39,5,5,3,4,4,4.2
115,On campus,1st year,22,2.22,3.95,4.83,6,7,7,5,5,6.0
116,On campus,1st year,17,1.72,3.37,5.94,4,6,5,6,6,5.4
117,On campus,2nd year,21,1.34,3.63,6.65,7,7,7,7,7,7.0
118,On campus,2nd year,19,1.08,4.07,6.39,7,7,7,7,7,7.0
119,On campus,1st year,23,1.44,6.96,6.11,4,4,5,6,5,4.8
120,On campus,2nd year,24,3.35,3.55,5.38,6,6,5,5,6,5.6
121,Online,1st year,24,3.83,3.98,,6,4,4,3,5,4.4
122,Online,2nd year,21,3.54,6.34,3.94,5,5,4,6,4,4.8
123,On campus,2nd year,21,2.26,4.2,3.94,5,6,6,6,7,6.0
124,On campus,3rd year,23,3.32,5.52,4.55,3,3,3,3,3,3.0
125,On campus,1st year,17,1.69,2.51,6.66,6,6,6,6,6,6.0
126,On campus,1st year,20,1.41,3.88,4.33,7,6,6,6,7,6.4
127,Online,1st year,20,2.24,5.44,4.14,6,7,5,6,5,5.8
128,Online,1st year,23,2.16,3.12,5.1,7,7,6,7,6,6.6
129,On campus,3rd year,20,3.69,5.09,3.71,6,7,5,7,6,6.2
130,On campus,3rd year,23,3.05,4.93,5.45,4,4,6,5,5,4.8
131,Online,2nd year,21,1.76,4.31,,6,6,7,7,6,6.4
132,Online,1st year,24,1.77,4.61,6.02,5,6,6,7,5,5.8
133,Online,1st year,27,2.65,5.64,5.05,6,5,7,6,6,6.0
134,Online,3rd year,25,2.47,4.84,5.24,5,7,6,6,4,5.6
135,On campus,1st year,24,2.96,5.93,3.55,5,6,3,5,6,5.0
136,Online,1st year,24,2.49,5.72,4.29,4,5,5,5,5,4.8
137,Online,2nd year,21,3.72,6.51,2.42,5,5,5,6,4,5.0
138,Online,1st year,20,1.61,4.45,4.66,5,5,6,6,5,5.4
139,On campus,1st year,19,1.79,5.07,4.76,6,5,6,4,6,5.4
140,Online,1st year,22,1.56,3.79,5.69,5,6,6,6,7,6.0
141,On campus,2nd year,25,1.92,5.54,4.15,5,5,6,4,7,5.4
142,On campus,2nd year,20,2.01,4.15,6.73,4,7,6,5,6,5.6
143,On campus,3rd year,23,1.46,5.54,6.53,6,7,7,7,7,6.8
144,On campus,2nd year,19,1.14,4.6,4.7,5,4,6,5,5,5.0
145,Online,1st year,19,1.83,4.72,3.58,5,5,4,4,5,4.6
146,On campus,1st year,24,3.89,5.14,2.66,4,4,3,3,2,3.2
147,On campus,2nd year,20,3.62,4.12,4.52,6,6,6,5,4,5.4
148,On campus,1st year,20,2.74,4.19,3.62,6,6,7,7,4,6.0
149,On campus,2nd year,26,2.84,4.24,,4,4,4,5,3,4.0
150,On campus,2nd year,22,1.77,4.33,5.77,7,7,7,7,6,6.8
151,Online,3rd year,21,1.39,5.54,5.83,7,7,6,7,7,6.8
152,On campus,1st year,21,2.86,4.48,5.33,4,4,2,4,5,3.8
153,On campus,1st year,22,3.03,4.29,3.41,3,4,3,4,3,3.4
154,On campus,2nd year,20,2.37,5.75,5.53,7,5,6,5,5,5.6
155,Online,1st year,22,5.0,5.61,4.11,4,3,3,5,4,3.8
156,On campus,1st year,24,5.0,4.72,4.35,3,3,4,4,4,3.6
157,Online,3rd year,21,2.02,7.0,5.87,5,7,7,7,7,6.6
158,On campus,2nd year,17,3.05,3.79,3.42,5,3,5,6,4,4.6
159,On campus,1st year,20,2.59,6.57,2.62,5,5,5,5,4,4.8
160,Online,1st year,23,5.0,5.16,3.82,5,5,5,6,4,5.0
161,On campus,3rd year,24,3.22,5.94,5.91,7,6,6,4,7,6.0
162,On campus,2nd year,22,4.95,4.57,2.83,2,2,2,2,2,2.0
163,On campus,3rd year,25,2.95,6.11,3.92,6,6,7,4,4,5.4
164,Online,2nd year,19,1.04,3.85,5.83,7,6,7,6,6,6.4
165,On campus,1st year,25,3.81,5.72,5.12,4,5,7,6,7,5.8
166,On campus,1st year,22,1.59,5.16,6.03,6,7,7,7,6,6.6
167,Online,1st year,23,2.11,5.83,4.02,6,7,6,5,6,6.0
168,On campus,2nd year,17,3.26,4.38,4.06,2,2,4,4,2,2.8
169,On campus,1st year,24,4.19,5.33,3.44,5,7,5,5,6,5.6
170,On campus,1st year,22,2.7,4.06,5.28,5,4,5,3,5,4.4
171,On campus,1st year,51,1.76,4.51,5.96,6,5,7,7,6,6.2
172,On campus,2nd year,22,1.85,4.62,4.44,7,5,4,6,5,5.4
173,On campus,1st year,19,4.65,4.25,2.96,3,5,2,4,4,3.6
174,Online,3rd year,20,3.0,4.37,4.86,5,5,5,4,7,5.2
175,Online,1st year,22,2.79,3.6,4.52,5,6,4,5,5,5.0
176,On campus,3rd year,22,1.64,4.75,4.66,4,7,7,6,4,5.6
177,Online,3rd year,20,2.8,6.41,4.3,5,4,5,7,6,5.4
178,On campus,3rd year,19,1.76,7.0,5.83,6,5,6,7,7,6.2
179,Online,1st year,25,3.2,4.01,4.17,5,4,4,4,4,4.2
180,On campus,3rd year,21,2.66,,4.68,5,5,6,5,5,5.2
181,Online,1st year,21,2.2,5.24,4.35,4,6,6,7,6,5.8
182,Online,1st year,20,2.51,5.41,5.41,5,5,5,5,4,4.8
183,Online,1st year,25,4.32,3.53,3.41,4,3,2,3,4,3.2
184,Online,2nd year,24,2.46,2.47,5.14,6,5,6,5,5,5.4
185,On campus,1st year,19,4.53,5.16,3.91,4,4,4,5,4,4.2
186,On campus,3rd year,21,2.54,6.29,4.51,6,6,6,4,7,5.8
187,Online,1st year,19,1.84,6.38,4.49,7,7,7,7,7,7.0
188,On campus,2nd year,26,3.0,,4.53,5,6,5,4,4,4.8
189,Online,3rd year,23,2.91,6.35,4.38,7,6,7,6,7,6.6
190,On campus,1st year,44,1.72,4.71,6.22,5,6,3,5,4,4.6
191,On campus,2nd year,21,3.37,3.43,3.64,5,5,4,5,3,4.4
192,On campus,2nd year,23,2.98,4.75,5.3,4,5,6,5,4,4.8
193,On campus,2nd year,21,4.07,5.98,5.1,7,7,7,7,7,7.0
194,On campus,2nd year,25,2.53,5.03,5.46,6,5,5,6,5,5.4
195,On campus,3rd year,19,1.66,4.3,6.01,4,6,6,6,6,5.6
196,On campus,2nd year,19,5.0,4.95,3.28,6,3,6,5,5,5.0
197,Online,2nd year,25,2.1,5.24,5.51,5,6,7,6,6,6.0
198,On campus,1st year,20,1.59,5.04,5.8,6,6,7,7,7,6.6
199,On campus,1st year,25,2.4,5.21,3.5,3,5,6,4,5,4.6
200,On campus,1st year,24,1.73,5.29,5.03,5,7,7,7,6,6.4
201,Online,3rd year,18,2.17,6.01,3.99,4,6,5,6,5,5.2
202,Online,1st year,20,1.44,5.03,3.81,3,6,5,6,5,5.0
203,On campus,3rd year,22,1.51,,5.42,5,5,5,6,5,5.2
204,Online,1st year,21,3.67,5.27,4.65,6,5,6,7,6,6.0
205,Online,1st year,22,2.65,5.51,4.22,5,5,6,5,6,5.4
206,Online,1st year,20,1.56,3.07,5.89,6,6,6,5,6,5.8
207,On campus,1st year,21,1.9,6.1,5.75,5,6,6,5,6,5.6
208,On campus,1st year,24,1.94,6.67,5.3,6,6,7,6,5,6.0
209,Online,1st year,25,2.24,4.92,4.61,4,6,4,4,6,4.8
210,Online,2nd year,20,2.55,5.54,5.49,7,7,6,7,6,6.6
211,On campus,1st year,21,4.87,4.12,5.2,4,4,4,4,5,4.2
212,On campus,2nd year,21,3.44,5.6,2.55,3,3,5,4,5,4.0
213,On campus,3rd year,18,2.7,4.0,5.46,7,6,6,5,6,6.0
214,On campus,1st year,24,2.11,5.08,4.09,6,6,6,6,6,6.0
215,On campus,2nd year,23,1.36,5.5,6.31,7,5,5,7,7,6.2
216,On campus,3rd year,23,2.29,4.07,5.93,6,6,6,5,5,5.6
217,On campus,2nd year,21,1.75,3.73,4.97,6,7,6,7,6,6.4
218,Online,2nd year,24,3.04,4.53,4.24,4,6,6,5,4,5.0
219,On campus,2nd year,24,2.33,4.3,5.0,7,5,6,5,7,6.0
220,On campus,1st year,24,2.66,4.56,4.94,5,6,5,4,4,4.8
221,On campus,2nd year,21,5.0,3.74,3.37,3,4,3,2,2,2.8
222,On campus,3rd year,22,1.33,6.03,6.59,7,7,7,7,7,7.0
223,On campus,3rd year,21,1.48,4.61,4.07,6,5,6,5,6,5.6
224,On campus,2nd year,21,5.0,5.36,3.1,5,4,3,5,4,4.2
225,On campus,1st year,24,1.74,3.19,5.93,7,5,7,6,5,6.0
226,On campus,2nd year,22,2.46,4.28,4.69,5,5,5,4,4,4.6
227,On campus,3rd year,21,2.44,6.57,4.73,6,6,6,6,5,5.8
228,Online,3rd year,23,1.65,3.97,5.12,6,4,6,4,4,4.8
229,On campus,1st year,23,1.05,5.19,6.58,7,7,7,6,7,6.8
230,Online,3rd year,20,2.68,7.0,5.45,5,5,4,7,7,5.6
231,On campus,2nd year,20,2.01,4.89,4.0,4,4,5,3,5,4.2
232,On campus,3rd year,23,1.57,6.47,4.41,6,6,6,6,7,6.2
233,Online,1st year,23,2.51,3.95,4.55,4,4,6,5,7,5.2
234,On campus,3rd year,21,2.38,4.39,4.87,7,7,7,6,7,6.8
235,On campus,2nd year,24,2.12,4.83,5.95,6,5,7,7,7,6.4
236,On campus,1st year,21,2.8,4.32,4.65,5,5,5,5,6,5.2
237,On campus,2nd year,58,2.89,5.25,5.9,5,6,6,6,6,5.8
238,Online,1st year,20,1.88,3.03,6.94,7,7,6,7,7,6.8
239,On campus,2nd year,18,2.1,3.78,4.36,3,5,5,4,5,4.4
240,On campus,2nd year,24,2.97,6.26,4.82,3,6,5,5,6,5.0
241,Online,2nd year,23,1.4,5.02,6.46,5,4,4,6,6,5.0
242,Online,3rd year,22,1.78,5.4,5.53,6,5,7,6,7,6.2
243,Online,2nd year,17,1.98,6.66,5.52,5,3,5,6,6,5.0
244,On campus,1st year,18,1.79,3.06,4.91,4,4,3,6,4,4.2
245,On campus,2nd year,21,5.0,1.76,3.06,1,1,2,2,2,1.6
246,On campus,2nd year,17,3.57,6.75,4.53,7,7,7,7,5,6.6
247,On campus,1st year,24,1.62,3.45,6.31,5,6,6,5,4,5.2
248,On campus,1st year,21,1.6,4.97,4.48,4,6,5,5,5,5.0
249,On campus,2nd year,21,2.75,3.18,4.67,5,5,6,4,4,4.8
250,On campus,3rd year,21,1.68,2.2,7.0,5,6,7,6,6,6.0
251,Online,3rd year,19,1.82,4.8,5.13,6,7,6,5,4,5.6
252,On campus,1st year,19,2.9,5.37,4.86,3,5,6,5,7,5.2
253,On campus,1st year,17,3.39,4.01,5.17,4,5,3,6,5,4.6
254,Online,3rd year,22,2.55,2.21,5.42,3,4,5,6,4,4.4
255,On campus,2nd year,22,2.01,5.2,5.06,6,5,5,5,6,5.4
256,Online,3rd year,21,2.58,6.87,4.7,6,5,6,6,7,6.0
257,On campus,2nd year,21,1.41,3.06,6.91,7,7,7,7,7,7.0
258,Online,1st year,19,2.01,5.68,4.36,5,5,7,6,4,5.4
259,Online,2nd year,22,1.38,5.16,4.33,5,6,7,6,6,6.0
260,On campus,2nd year,17,2.31,2.93,6.04,6,6,6,4,5,5.4
261,Online,3rd year,19,2.55,5.93,6.05,5,7,6,5,7,6.0
262,On campus,1st year,20,1.61,5.07,4.56,5,6,6,6,7,6.0
263,On campus,1st year,20,3.32,4.72,5.28,6,5,7,6,6,6.0
264,Online,2nd year,22,3.44,6.21,4.75,6,6,6,5,6,5.8
265,On campus,1st year,21,1.48,4.91,5.41,5,7,6,6,7,6.2
266,On campus,2nd year,22,3.54,6.22,4.48,4,5,4,5,5,4.6
267,On campus,3rd year,24,3.48,7.0,6.08,5,6,6,6,7,6.0
268,On campus,2nd year,25,1.85,5.1,5.98,7,7,7,7,7,7.0
269,Online,2nd year,23,3.8,5.34,4.77,6,6,6,4,5,5.4
270,On campus,3rd year,24,2.7,4.28,5.32,6,6,3,7,6,5.6
271,On campus,2nd year,26,5.0,6.5,3.05,6,6,5,6,5,5.6
272,Online,3rd year,22,1.51,3.6,5.22,6,6,7,7,7,6.6
273,Online,2nd year,18,3.17,4.35,4.47,5,5,6,6,5,5.4
274,Online,2nd year,24,2.11,4.83,4.39,5,5,7,6,6,5.8
275,On campus,1st year,19,2.05,4.71,5.69,4,5,6,3,4,4.4
276,On campus,1st year,26,4.13,4.15,5.1,2,6,4,3,4,3.8
277,On campus,2nd year,26,3.01,5.82,4.6,5,6,5,6,5,5.4
278,On campus,1st year,20,2.38,4.57,4.29,6,5,6,6,5,5.6
279,On campus,1st year,19,2.3,2.64,4.36,6,5,5,6,4,5.2
280,On campus,2nd year,20,1.86,6.12,6.75,6,7,7,6,7,6.6
281,Online,2nd year,21,1.52,6.72,4.98,5,6,6,5,5,5.4
282,On campus,1st year,25,1.63,4.31,4.34,4,4,4,6,5,4.6
283,On campus,1st year,19,1.4,6.33,4.23,6,6,6,5,6,5.8
284,Online,2nd year,24,1.82,4.34,4.91,7,7,6,6,7,6.6
285,Online,1st year,17,3.81,3.86,5.34,6,6,4,4,5,5.0
286,Online,2nd year,24,2.69,3.93,5.99,4,5,6,5,5,5.0
287,Online,1st year,21,2.9,6.62,5.28,7,7,7,5,6,6.4
288,Online,3rd year,22,1.72,6.34,4.73,7,7,6,6,7,6.6
289,On campus,1st year,21,3.68,5.63,5.06,4,5,5,4,4,4.4
290,Online,1st year,24,2.0,,5.07,5,6,6,4,6,5.4
291,On campus,1st year,22,2.18,5.74,5.69,7,6,5,6,7,6.2
292,On campus,2nd year,26,1.47,3.76,7.0,7,7,6,6,6,6.4
293,Online,3rd year,17,3.17,5.56,4.4,6,5,5,5,5,5.2
294,On campus,1st year,19,1.14,4.33,4.5,7,6,7,4,4,5.6
295,Online,1st year,18,1.73,4.3,7.0,7,6,3,6,7,5.8
296,On campus,1st year,23,1.63,4.35,5.31,5,5,4,6,7,5.4
297,On campus,2nd year,17,3.63,2.72,4.2,6,4,4,5,3,4.4
298,On campus,1st year,27,3.34,3.06,3.04,2,3,3,2,3,2.6
299,On campus,3rd year,22,1.87,4.74,6.0,5,6,7,5,5,5.6
300,Online,1st year,24,3.34,3.77,,4,3,5,3,3,3.6
